
BSSID, First time seen, Last time seen, channel, Speed, Privacy, Cipher, Authentication, Power, # beacons, # IV, LAN IP, ID-length, ESSID, Key
EC:89:14:EF:41:DF, 2022-10-27 10:32:31, 2022-10-27 10:34:06, 11, 270, WPA2, CCMP, PSK, -64,      503,       10,   0.  0.  0.  0,   6, taibah, 

Station MAC, First time seen, Last time seen, Power, # packets, BSSID, Probed ESSIDs
EA:48:B8:89:63:1C, 2022-10-27 10:33:17, 2022-10-27 10:33:17, -72,        1, EC:89:14:EF:41:DF,
EA:48:B8:28:19:96, 2022-10-27 10:33:30, 2022-10-27 10:33:46, -67,      132, EC:89:14:EF:41:DF,
EA:48:B8:11:9B:FB, 2022-10-27 10:33:30, 2022-10-27 10:33:30,  -1,        1, EC:89:14:EF:41:DF,

