
BSSID, First time seen, Last time seen, channel, Speed, Privacy, Cipher, Authentication, Power, # beacons, # IV, LAN IP, ID-length, ESSID, Key
EC:89:14:EF:41:DF, 2022-10-27 10:34:12, 2022-10-27 10:35:19, 11, 270, WPA2, CCMP, PSK, -62,      483,       19,   0.  0.  0.  0,   6, taibah, 

Station MAC, First time seen, Last time seen, Power, # packets, BSSID, Probed ESSIDs
EA:48:B8:0E:D2:3C, 2022-10-27 10:34:30, 2022-10-27 10:34:48, -64,      131, EC:89:14:EF:41:DF,
EA:48:B8:89:63:1C, 2022-10-27 10:34:49, 2022-10-27 10:34:49,  -1,        1, EC:89:14:EF:41:DF,
EA:48:B8:28:19:96, 2022-10-27 10:34:54, 2022-10-27 10:35:15,  -1,        3, EC:89:14:EF:41:DF,
EA:48:B8:3E:D2:3D, 2022-10-27 10:34:57, 2022-10-27 10:35:04,  -1,        5, EC:89:14:EF:41:DF,

